{
  "tasks": [
    {
      "id": "af60",
      "title": "Java",
      "completed": false
    },
    {
      "id": "8294",
      "title": "Learn React",
      "completed": false
    },
    {
      "id": "d57c",
      "title": "React Hook",
      "completed": false
    },
    {
      "id": "b958",
      "title": "React Componets",
      "completed": false
    },
    {
      "id": "e387",
      "title": "web dev",
      "completed": false
    }
  ],
  "users": [
    {
      "id": 1,
      "email": "admin@gmail.com",
      "password": "123456"
    }
  ]
  
}